<?xml version="1.0" encoding="UTF-8" standalone="no"?>
<DIAGRAMA ID="1" TIPO="tpConceitual" UniversalUnicID="3175-10-BECB-A6-C32D-6C-7E">
    <InfoDiagrama ID="1">
        <Versao Valor="3.2.0"/>
        <Autores/>
        <Observacao/>
        <Width Valor="4096"/>
        <Height Valor="4096"/>
        <Alinhamento_v Valor="50"/>
        <Alinhamento_h Valor="60"/>
        <Zoom Valor="75"/>
        <Fonte Estilo="1" Nome="Arial" Tamanho="12"/>
        <Localizacao Left="0" Top="115"/>
        <Realce Valor="false"/>
    </InfoDiagrama>
    <Entidade ID="2">
        <Bounds Height="58" Left="24" Top="441" Width="120"/>
        <DisablePainted Valor="false"/>
        <Texto>Login</Texto>
        <Observacao/>
        <Dicionario/>
        <Fonte Estilo="1" Nome="Arial" Tamanho="12"/>
        <Ancorado Valor="false"/>
        <AtributosOcultos Valor=""/>
    </Entidade>
    <Entidade ID="3">
        <Bounds Height="58" Left="418" Top="489" Width="120"/>
        <DisablePainted Valor="false"/>
        <Texto>Usuarios</Texto>
        <Observacao/>
        <Dicionario/>
        <Fonte Estilo="1" Nome="Arial" Tamanho="12"/>
        <Ancorado Valor="false"/>
        <AtributosOcultos Valor=""/>
    </Entidade>
    <Entidade ID="4">
        <Bounds Height="58" Left="1073" Top="342" Width="120"/>
        <DisablePainted Valor="false"/>
        <Texto>Contas</Texto>
        <Observacao/>
        <Dicionario/>
        <Fonte Estilo="1" Nome="Arial" Tamanho="12"/>
        <Ancorado Valor="false"/>
        <AtributosOcultos Valor=""/>
    </Entidade>
    <Entidade ID="5">
        <Bounds Height="58" Left="1000" Top="879" Width="120"/>
        <DisablePainted Valor="false"/>
        <Texto>Despesas</Texto>
        <Observacao/>
        <Dicionario/>
        <Fonte Estilo="1" Nome="Arial" Tamanho="12"/>
        <Ancorado Valor="false"/>
        <AtributosOcultos Valor=""/>
    </Entidade>
    <Entidade ID="6">
        <Bounds Height="58" Left="1368" Top="588" Width="120"/>
        <DisablePainted Valor="false"/>
        <Texto>Formas de pagamento</Texto>
        <Observacao/>
        <Dicionario/>
        <Fonte Estilo="1" Nome="Arial" Tamanho="12"/>
        <Ancorado Valor="false"/>
        <AtributosOcultos Valor=""/>
    </Entidade>
    <Entidade ID="7">
        <Bounds Height="58" Left="1045" Top="557" Width="120"/>
        <DisablePainted Valor="false"/>
        <Texto>Categorias</Texto>
        <Observacao/>
        <Dicionario/>
        <Fonte Estilo="1" Nome="Arial" Tamanho="12"/>
        <Ancorado Valor="false"/>
        <AtributosOcultos Valor=""/>
    </Entidade>
    <Ligacao ID="9">
        <DisablePainted Valor="false"/>
        <Tag LinhaMestre="-1"/>
        <Dashed Valor="false"/>
        <Ancorado Valor="false"/>
        <TemSetaPontaA Valor="false"/>
        <TemSetaPontaB Valor="false"/>
        <SetaAberta Valor="true"/>
        <SetaLargura Valor="10"/>
        <Inteligente Valor="true"/>
        <Largura Valor="1"/>
        <Ligacoes PontaA="10" PontaB="2"/>
        <Pontos>
            <Ponto Left="204" Top="469"/>
            <Ponto Left="172" Top="469"/>
            <Ponto Left="172" Top="469"/>
            <Ponto Left="141" Top="469"/>
        </Pontos>
        <Cardinalidade ID="11">
            <Bounds Height="14" Left="151" Top="457" Width="34"/>
            <DisablePainted Valor="false"/>
            <Texto>Cardinalidade_1</Texto>
            <Observacao/>
            <Dicionario/>
            <Fonte Estilo="1" Nome="Arial" Tamanho="12"/>
            <Ancorado Valor="false"/>
            <TamanhoAutmatico Valor="true"/>
            <Card Valor="0"/>
            <MovimentacaoManual Valor="false"/>
            <Papel Valor=""/>
        </Cardinalidade>
    </Ligacao>
    <Relacionamento ID="10">
        <Bounds Height="50" Left="207" Top="447" Width="150"/>
        <DisablePainted Valor="false"/>
        <Texto>Realizam</Texto>
        <Observacao/>
        <Dicionario/>
        <Fonte Estilo="1" Nome="Arial" Tamanho="12"/>
        <Ancorado Valor="false"/>
    </Relacionamento>
    <Ligacao ID="12">
        <DisablePainted Valor="false"/>
        <Tag LinhaMestre="-1"/>
        <Dashed Valor="false"/>
        <Ancorado Valor="false"/>
        <TemSetaPontaA Valor="false"/>
        <TemSetaPontaB Valor="false"/>
        <SetaAberta Valor="true"/>
        <SetaLargura Valor="10"/>
        <Inteligente Valor="true"/>
        <Largura Valor="1"/>
        <Ligacoes PontaA="3" PontaB="10"/>
        <Pontos>
            <Ponto Left="414" Top="518"/>
            <Ponto Left="384" Top="518"/>
            <Ponto Left="384" Top="461"/>
            <Ponto Left="329" Top="461"/>
        </Pontos>
        <Cardinalidade ID="13">
            <Bounds Height="14" Left="364" Top="532" Width="34"/>
            <DisablePainted Valor="false"/>
            <Texto>Cardinalidade_2</Texto>
            <Observacao/>
            <Dicionario/>
            <Fonte Estilo="1" Nome="Arial" Tamanho="12"/>
            <Ancorado Valor="false"/>
            <TamanhoAutmatico Valor="true"/>
            <Card Valor="0"/>
            <MovimentacaoManual Valor="true"/>
            <Papel Valor=""/>
        </Cardinalidade>
    </Ligacao>
    <Ligacao ID="15">
        <DisablePainted Valor="false"/>
        <Tag LinhaMestre="-1"/>
        <Dashed Valor="false"/>
        <Ancorado Valor="false"/>
        <TemSetaPontaA Valor="false"/>
        <TemSetaPontaB Valor="false"/>
        <SetaAberta Valor="true"/>
        <SetaLargura Valor="10"/>
        <Inteligente Valor="true"/>
        <Largura Valor="1"/>
        <Ligacoes PontaA="16" PontaB="3"/>
        <Pontos>
            <Ponto Left="695" Top="329"/>
            <Ponto Left="695" Top="497"/>
            <Ponto Left="535" Top="497"/>
        </Pontos>
        <Cardinalidade ID="17">
            <Bounds Height="14" Left="545" Top="485" Width="34"/>
            <DisablePainted Valor="false"/>
            <Texto>Cardinalidade_3</Texto>
            <Observacao/>
            <Dicionario/>
            <Fonte Estilo="1" Nome="Arial" Tamanho="12"/>
            <Ancorado Valor="false"/>
            <TamanhoAutmatico Valor="true"/>
            <Card Valor="0"/>
            <MovimentacaoManual Valor="false"/>
            <Papel Valor=""/>
        </Cardinalidade>
    </Ligacao>
    <Relacionamento ID="16">
        <Bounds Height="50" Left="623" Top="282" Width="150"/>
        <DisablePainted Valor="false"/>
        <Texto>Cadastram</Texto>
        <Observacao/>
        <Dicionario/>
        <Fonte Estilo="1" Nome="Arial" Tamanho="12"/>
        <Ancorado Valor="false"/>
    </Relacionamento>
    <Ligacao ID="18">
        <DisablePainted Valor="false"/>
        <Tag LinhaMestre="-1"/>
        <Dashed Valor="false"/>
        <Ancorado Valor="false"/>
        <TemSetaPontaA Valor="false"/>
        <TemSetaPontaB Valor="false"/>
        <SetaAberta Valor="true"/>
        <SetaLargura Valor="10"/>
        <Inteligente Valor="true"/>
        <Largura Valor="1"/>
        <Ligacoes PontaA="4" PontaB="16"/>
        <Pontos>
            <Ponto Left="1069" Top="365"/>
            <Ponto Left="920" Top="365"/>
            <Ponto Left="920" Top="304"/>
            <Ponto Left="770" Top="304"/>
        </Pontos>
        <Cardinalidade ID="19">
            <Bounds Height="14" Left="1029" Top="353" Width="36"/>
            <DisablePainted Valor="false"/>
            <Texto>Cardinalidade_4</Texto>
            <Observacao/>
            <Dicionario/>
            <Fonte Estilo="1" Nome="Arial" Tamanho="12"/>
            <Ancorado Valor="false"/>
            <TamanhoAutmatico Valor="true"/>
            <Card Valor="2"/>
            <MovimentacaoManual Valor="false"/>
            <Papel Valor=""/>
        </Cardinalidade>
    </Ligacao>
    <Ligacao ID="23">
        <DisablePainted Valor="false"/>
        <Tag LinhaMestre="-1"/>
        <Dashed Valor="false"/>
        <Ancorado Valor="false"/>
        <TemSetaPontaA Valor="false"/>
        <TemSetaPontaB Valor="false"/>
        <SetaAberta Valor="true"/>
        <SetaLargura Valor="10"/>
        <Inteligente Valor="true"/>
        <Largura Valor="1"/>
        <Ligacoes PontaA="24" PontaB="3"/>
        <Pontos>
            <Ponto Left="686" Top="828"/>
            <Ponto Left="686" Top="534"/>
            <Ponto Left="535" Top="534"/>
        </Pontos>
        <Cardinalidade ID="25">
            <Bounds Height="14" Left="545" Top="522" Width="34"/>
            <DisablePainted Valor="false"/>
            <Texto>Cardinalidade_5</Texto>
            <Observacao/>
            <Dicionario/>
            <Fonte Estilo="1" Nome="Arial" Tamanho="12"/>
            <Ancorado Valor="false"/>
            <TamanhoAutmatico Valor="true"/>
            <Card Valor="0"/>
            <MovimentacaoManual Valor="false"/>
            <Papel Valor=""/>
        </Cardinalidade>
    </Ligacao>
    <Relacionamento ID="24">
        <Bounds Height="50" Left="614" Top="831" Width="150"/>
        <DisablePainted Valor="false"/>
        <Texto>Cadastram</Texto>
        <Observacao/>
        <Dicionario/>
        <Fonte Estilo="1" Nome="Arial" Tamanho="12"/>
        <Ancorado Valor="false"/>
    </Relacionamento>
    <Ligacao ID="26">
        <DisablePainted Valor="false"/>
        <Tag LinhaMestre="-1"/>
        <Dashed Valor="false"/>
        <Ancorado Valor="false"/>
        <TemSetaPontaA Valor="false"/>
        <TemSetaPontaB Valor="false"/>
        <SetaAberta Valor="true"/>
        <SetaLargura Valor="10"/>
        <Inteligente Valor="true"/>
        <Largura Valor="1"/>
        <Ligacoes PontaA="5" PontaB="24"/>
        <Pontos>
            <Ponto Left="996" Top="917"/>
            <Ponto Left="879" Top="917"/>
            <Ponto Left="879" Top="853"/>
            <Ponto Left="761" Top="853"/>
        </Pontos>
        <Cardinalidade ID="27">
            <Bounds Height="14" Left="956" Top="905" Width="36"/>
            <DisablePainted Valor="false"/>
            <Texto>Cardinalidade_6</Texto>
            <Observacao/>
            <Dicionario/>
            <Fonte Estilo="1" Nome="Arial" Tamanho="12"/>
            <Ancorado Valor="false"/>
            <TamanhoAutmatico Valor="true"/>
            <Card Valor="2"/>
            <MovimentacaoManual Valor="false"/>
            <Papel Valor=""/>
        </Cardinalidade>
    </Ligacao>
    <Ligacao ID="34">
        <DisablePainted Valor="false"/>
        <Tag LinhaMestre="-1"/>
        <Dashed Valor="false"/>
        <Ancorado Valor="false"/>
        <TemSetaPontaA Valor="false"/>
        <TemSetaPontaB Valor="false"/>
        <SetaAberta Valor="true"/>
        <SetaLargura Valor="10"/>
        <Inteligente Valor="true"/>
        <Largura Valor="1"/>
        <Ligacoes PontaA="35" PontaB="5"/>
        <Pontos>
            <Ponto Left="981" Top="753"/>
            <Ponto Left="981" Top="814"/>
            <Ponto Left="1081" Top="814"/>
            <Ponto Left="1081" Top="875"/>
        </Pontos>
        <Cardinalidade ID="36">
            <Bounds Height="14" Left="1047" Top="857" Width="36"/>
            <DisablePainted Valor="false"/>
            <Texto>Cardinalidade_7</Texto>
            <Observacao/>
            <Dicionario/>
            <Fonte Estilo="1" Nome="Arial" Tamanho="12"/>
            <Ancorado Valor="false"/>
            <TamanhoAutmatico Valor="true"/>
            <Card Valor="2"/>
            <MovimentacaoManual Valor="false"/>
            <Papel Valor=""/>
        </Cardinalidade>
    </Ligacao>
    <Relacionamento ID="35">
        <Bounds Height="50" Left="909" Top="706" Width="150"/>
        <DisablePainted Valor="false"/>
        <Texto>Possuem</Texto>
        <Observacao/>
        <Dicionario/>
        <Fonte Estilo="1" Nome="Arial" Tamanho="12"/>
        <Ancorado Valor="false"/>
    </Relacionamento>
    <Ligacao ID="37">
        <DisablePainted Valor="false"/>
        <Tag LinhaMestre="-1"/>
        <Dashed Valor="false"/>
        <Ancorado Valor="false"/>
        <TemSetaPontaA Valor="false"/>
        <TemSetaPontaB Valor="false"/>
        <SetaAberta Valor="true"/>
        <SetaLargura Valor="10"/>
        <Inteligente Valor="true"/>
        <Largura Valor="1"/>
        <Ligacoes PontaA="7" PontaB="35"/>
        <Pontos>
            <Ponto Left="1103" Top="612"/>
            <Ponto Left="1103" Top="657"/>
            <Ponto Left="981" Top="657"/>
            <Ponto Left="981" Top="703"/>
        </Pontos>
        <Cardinalidade ID="38">
            <Bounds Height="14" Left="1063" Top="626" Width="34"/>
            <DisablePainted Valor="false"/>
            <Texto>Cardinalidade_8</Texto>
            <Observacao/>
            <Dicionario/>
            <Fonte Estilo="1" Nome="Arial" Tamanho="12"/>
            <Ancorado Valor="false"/>
            <TamanhoAutmatico Valor="true"/>
            <Card Valor="1"/>
            <MovimentacaoManual Valor="true"/>
            <Papel Valor=""/>
        </Cardinalidade>
    </Ligacao>
    <Ligacao ID="39">
        <DisablePainted Valor="false"/>
        <Tag LinhaMestre="-1"/>
        <Dashed Valor="false"/>
        <Ancorado Valor="false"/>
        <TemSetaPontaA Valor="false"/>
        <TemSetaPontaB Valor="false"/>
        <SetaAberta Valor="true"/>
        <SetaLargura Valor="10"/>
        <Inteligente Valor="true"/>
        <Largura Valor="1"/>
        <Ligacoes PontaA="40" PontaB="7"/>
        <Pontos>
            <Ponto Left="988" Top="488"/>
            <Ponto Left="988" Top="533"/>
            <Ponto Left="1100" Top="532"/>
            <Ponto Left="1100" Top="553"/>
        </Pontos>
        <Cardinalidade ID="41">
            <Bounds Height="14" Left="1068" Top="515" Width="34"/>
            <DisablePainted Valor="false"/>
            <Texto>Cardinalidade_9</Texto>
            <Observacao/>
            <Dicionario/>
            <Fonte Estilo="1" Nome="Arial" Tamanho="12"/>
            <Ancorado Valor="false"/>
            <TamanhoAutmatico Valor="true"/>
            <Card Valor="1"/>
            <MovimentacaoManual Valor="true"/>
            <Papel Valor=""/>
        </Cardinalidade>
    </Ligacao>
    <Relacionamento ID="40">
        <Bounds Height="50" Left="916" Top="441" Width="150"/>
        <DisablePainted Valor="false"/>
        <Texto>Possuem</Texto>
        <Observacao/>
        <Dicionario/>
        <Fonte Estilo="1" Nome="Arial" Tamanho="12"/>
        <Ancorado Valor="false"/>
    </Relacionamento>
    <Ligacao ID="42">
        <DisablePainted Valor="false"/>
        <Tag LinhaMestre="-1"/>
        <Dashed Valor="false"/>
        <Ancorado Valor="false"/>
        <TemSetaPontaA Valor="false"/>
        <TemSetaPontaB Valor="false"/>
        <SetaAberta Valor="true"/>
        <SetaLargura Valor="10"/>
        <Inteligente Valor="true"/>
        <Largura Valor="1"/>
        <Ligacoes PontaA="4" PontaB="40"/>
        <Pontos>
            <Ponto Left="1133" Top="397"/>
            <Ponto Left="1133" Top="417"/>
            <Ponto Left="988" Top="417"/>
            <Ponto Left="988" Top="438"/>
        </Pontos>
        <Cardinalidade ID="43">
            <Bounds Height="14" Left="1099" Top="407" Width="36"/>
            <DisablePainted Valor="false"/>
            <Texto>Cardinalidade_10</Texto>
            <Observacao/>
            <Dicionario/>
            <Fonte Estilo="1" Nome="Arial" Tamanho="12"/>
            <Ancorado Valor="false"/>
            <TamanhoAutmatico Valor="true"/>
            <Card Valor="2"/>
            <MovimentacaoManual Valor="false"/>
            <Papel Valor=""/>
        </Cardinalidade>
    </Ligacao>
    <Ligacao ID="46">
        <DisablePainted Valor="false"/>
        <Tag LinhaMestre="-1"/>
        <Dashed Valor="false"/>
        <Ancorado Valor="false"/>
        <TemSetaPontaA Valor="false"/>
        <TemSetaPontaB Valor="false"/>
        <SetaAberta Valor="true"/>
        <SetaLargura Valor="10"/>
        <Inteligente Valor="true"/>
        <Largura Valor="1"/>
        <Ligacoes PontaA="47" PontaB="4"/>
        <Pontos>
            <Ponto Left="1353" Top="356"/>
            <Ponto Left="1271" Top="356"/>
            <Ponto Left="1271" Top="356"/>
            <Ponto Left="1190" Top="356"/>
        </Pontos>
        <Cardinalidade ID="48">
            <Bounds Height="14" Left="1200" Top="344" Width="36"/>
            <DisablePainted Valor="false"/>
            <Texto>Cardinalidade_11</Texto>
            <Observacao/>
            <Dicionario/>
            <Fonte Estilo="1" Nome="Arial" Tamanho="12"/>
            <Ancorado Valor="false"/>
            <TamanhoAutmatico Valor="true"/>
            <Card Valor="2"/>
            <MovimentacaoManual Valor="false"/>
            <Papel Valor=""/>
        </Cardinalidade>
    </Ligacao>
    <Relacionamento ID="47">
        <Bounds Height="50" Left="1356" Top="334" Width="150"/>
        <DisablePainted Valor="false"/>
        <Texto>Possuem</Texto>
        <Observacao/>
        <Dicionario/>
        <Fonte Estilo="1" Nome="Arial" Tamanho="12"/>
        <Ancorado Valor="false"/>
    </Relacionamento>
    <Ligacao ID="49">
        <DisablePainted Valor="false"/>
        <Tag LinhaMestre="-1"/>
        <Dashed Valor="false"/>
        <Ancorado Valor="false"/>
        <TemSetaPontaA Valor="false"/>
        <TemSetaPontaB Valor="false"/>
        <SetaAberta Valor="true"/>
        <SetaLargura Valor="10"/>
        <Inteligente Valor="true"/>
        <Largura Valor="1"/>
        <Ligacoes PontaA="6" PontaB="47"/>
        <Pontos>
            <Ponto Left="1428" Top="584"/>
            <Ponto Left="1428" Top="483"/>
            <Ponto Left="1428" Top="483"/>
            <Ponto Left="1428" Top="381"/>
        </Pontos>
        <Cardinalidade ID="50">
            <Bounds Height="14" Left="1386" Top="564" Width="36"/>
            <DisablePainted Valor="false"/>
            <Texto>Cardinalidade_12</Texto>
            <Observacao/>
            <Dicionario/>
            <Fonte Estilo="1" Nome="Arial" Tamanho="12"/>
            <Ancorado Valor="false"/>
            <TamanhoAutmatico Valor="true"/>
            <Card Valor="2"/>
            <MovimentacaoManual Valor="true"/>
            <Papel Valor=""/>
        </Cardinalidade>
    </Ligacao>
    <Ligacao ID="54">
        <DisablePainted Valor="false"/>
        <Tag LinhaMestre="-1"/>
        <Dashed Valor="false"/>
        <Ancorado Valor="false"/>
        <TemSetaPontaA Valor="false"/>
        <TemSetaPontaB Valor="false"/>
        <SetaAberta Valor="true"/>
        <SetaLargura Valor="10"/>
        <Inteligente Valor="true"/>
        <Largura Valor="1"/>
        <Ligacoes PontaA="55" PontaB="6"/>
        <Pontos>
            <Ponto Left="1433" Top="880"/>
            <Ponto Left="1433" Top="761"/>
            <Ponto Left="1433" Top="761"/>
            <Ponto Left="1433" Top="643"/>
        </Pontos>
        <Cardinalidade ID="56">
            <Bounds Height="14" Left="1392" Top="662" Width="36"/>
            <DisablePainted Valor="false"/>
            <Texto>Cardinalidade_13</Texto>
            <Observacao/>
            <Dicionario/>
            <Fonte Estilo="1" Nome="Arial" Tamanho="12"/>
            <Ancorado Valor="false"/>
            <TamanhoAutmatico Valor="true"/>
            <Card Valor="2"/>
            <MovimentacaoManual Valor="true"/>
            <Papel Valor=""/>
        </Cardinalidade>
    </Ligacao>
    <Relacionamento ID="55">
        <Bounds Height="50" Left="1361" Top="883" Width="150"/>
        <DisablePainted Valor="false"/>
        <Texto>Possuem</Texto>
        <Observacao/>
        <Dicionario/>
        <Fonte Estilo="1" Nome="Arial" Tamanho="12"/>
        <Ancorado Valor="false"/>
    </Relacionamento>
    <Ligacao ID="57">
        <DisablePainted Valor="false"/>
        <Tag LinhaMestre="-1"/>
        <Dashed Valor="false"/>
        <Ancorado Valor="false"/>
        <TemSetaPontaA Valor="false"/>
        <TemSetaPontaB Valor="false"/>
        <SetaAberta Valor="true"/>
        <SetaLargura Valor="10"/>
        <Inteligente Valor="true"/>
        <Largura Valor="1"/>
        <Ligacoes PontaA="5" PontaB="55"/>
        <Pontos>
            <Ponto Left="1117" Top="904"/>
            <Ponto Left="1237" Top="904"/>
            <Ponto Left="1237" Top="905"/>
            <Ponto Left="1358" Top="905"/>
        </Pontos>
        <Cardinalidade ID="58">
            <Bounds Height="14" Left="1127" Top="892" Width="36"/>
            <DisablePainted Valor="false"/>
            <Texto>Cardinalidade_14</Texto>
            <Observacao/>
            <Dicionario/>
            <Fonte Estilo="1" Nome="Arial" Tamanho="12"/>
            <Ancorado Valor="false"/>
            <TamanhoAutmatico Valor="true"/>
            <Card Valor="3"/>
            <MovimentacaoManual Valor="false"/>
            <Papel Valor=""/>
        </Cardinalidade>
    </Ligacao>
    <Atributo ID="60">
        <Bounds Height="14" Left="125" Top="548" Width="70"/>
        <DisablePainted Valor="false"/>
        <Texto>idLogin</Texto>
        <Observacao/>
        <Dicionario/>
        <Fonte Estilo="1" Nome="Arial" Tamanho="12"/>
        <Ancorado Valor="false"/>
        <DirecaoFromInspector Valor="0"/>
        <Autosize Valor="true"/>
        <Identificador Valor="true"/>
        <Opcional Valor="false"/>
        <Multivalorado Valor="false"/>
        <CardMinFromString Valor="1"/>
        <CardMaxFromString Valor="n"/>
        <TipoAtributo Valor=""/>
    </Atributo>
    <Ligacao ID="61">
        <DisablePainted Valor="false"/>
        <Tag LinhaMestre="-1"/>
        <Dashed Valor="false"/>
        <Ancorado Valor="false"/>
        <TemSetaPontaA Valor="false"/>
        <TemSetaPontaB Valor="false"/>
        <SetaAberta Valor="true"/>
        <SetaLargura Valor="10"/>
        <Inteligente Valor="true"/>
        <Largura Valor="1"/>
        <Ligacoes PontaA="60" PontaB="2"/>
        <Pontos>
            <Ponto Left="121" Top="552"/>
            <Ponto Left="79" Top="552"/>
            <Ponto Left="79" Top="496"/>
        </Pontos>
    </Ligacao>
    <Atributo ID="62">
        <Bounds Height="14" Left="123" Top="576" Width="54"/>
        <DisablePainted Valor="false"/>
        <Texto>email</Texto>
        <Observacao/>
        <Dicionario/>
        <Fonte Estilo="1" Nome="Arial" Tamanho="12"/>
        <Ancorado Valor="false"/>
        <DirecaoFromInspector Valor="0"/>
        <Autosize Valor="true"/>
        <Identificador Valor="false"/>
        <Opcional Valor="false"/>
        <Multivalorado Valor="false"/>
        <CardMinFromString Valor="1"/>
        <CardMaxFromString Valor="n"/>
        <TipoAtributo Valor=""/>
    </Atributo>
    <Ligacao ID="63">
        <DisablePainted Valor="false"/>
        <Tag LinhaMestre="-1"/>
        <Dashed Valor="false"/>
        <Ancorado Valor="false"/>
        <TemSetaPontaA Valor="false"/>
        <TemSetaPontaB Valor="false"/>
        <SetaAberta Valor="true"/>
        <SetaLargura Valor="10"/>
        <Inteligente Valor="true"/>
        <Largura Valor="1"/>
        <Ligacoes PontaA="62" PontaB="2"/>
        <Pontos>
            <Ponto Left="119" Top="580"/>
            <Ponto Left="57" Top="580"/>
            <Ponto Left="57" Top="496"/>
        </Pontos>
    </Ligacao>
    <Atributo ID="64">
        <Bounds Height="14" Left="123" Top="607" Width="58"/>
        <DisablePainted Valor="false"/>
        <Texto>senha</Texto>
        <Observacao/>
        <Dicionario/>
        <Fonte Estilo="1" Nome="Arial" Tamanho="12"/>
        <Ancorado Valor="false"/>
        <DirecaoFromInspector Valor="0"/>
        <Autosize Valor="true"/>
        <Identificador Valor="false"/>
        <Opcional Valor="false"/>
        <Multivalorado Valor="false"/>
        <CardMinFromString Valor="1"/>
        <CardMaxFromString Valor="n"/>
        <TipoAtributo Valor=""/>
    </Atributo>
    <Ligacao ID="65">
        <DisablePainted Valor="false"/>
        <Tag LinhaMestre="-1"/>
        <Dashed Valor="false"/>
        <Ancorado Valor="false"/>
        <TemSetaPontaA Valor="false"/>
        <TemSetaPontaB Valor="false"/>
        <SetaAberta Valor="true"/>
        <SetaLargura Valor="10"/>
        <Inteligente Valor="true"/>
        <Largura Valor="1"/>
        <Ligacoes PontaA="64" PontaB="2"/>
        <Pontos>
            <Ponto Left="119" Top="611"/>
            <Ponto Left="35" Top="611"/>
            <Ponto Left="35" Top="496"/>
        </Pontos>
    </Ligacao>
    <Atributo ID="68">
        <Bounds Height="14" Left="568" Top="566" Width="82"/>
        <DisablePainted Valor="false"/>
        <Texto>idUsuario</Texto>
        <Observacao/>
        <Dicionario/>
        <Fonte Estilo="1" Nome="Arial" Tamanho="12"/>
        <Ancorado Valor="false"/>
        <DirecaoFromInspector Valor="0"/>
        <Autosize Valor="true"/>
        <Identificador Valor="true"/>
        <Opcional Valor="false"/>
        <Multivalorado Valor="false"/>
        <CardMinFromString Valor="1"/>
        <CardMaxFromString Valor="n"/>
        <TipoAtributo Valor=""/>
    </Atributo>
    <Ligacao ID="69">
        <DisablePainted Valor="false"/>
        <Tag LinhaMestre="-1"/>
        <Dashed Valor="false"/>
        <Ancorado Valor="false"/>
        <TemSetaPontaA Valor="false"/>
        <TemSetaPontaB Valor="false"/>
        <SetaAberta Valor="true"/>
        <SetaLargura Valor="10"/>
        <Inteligente Valor="true"/>
        <Largura Valor="1"/>
        <Ligacoes PontaA="68" PontaB="3"/>
        <Pontos>
            <Ponto Left="564" Top="570"/>
            <Ponto Left="519" Top="570"/>
            <Ponto Left="519" Top="544"/>
        </Pontos>
    </Ligacao>
    <Atributo ID="70">
        <Bounds Height="14" Left="564" Top="593" Width="55"/>
        <DisablePainted Valor="false"/>
        <Texto>nome</Texto>
        <Observacao/>
        <Dicionario/>
        <Fonte Estilo="1" Nome="Arial" Tamanho="12"/>
        <Ancorado Valor="false"/>
        <DirecaoFromInspector Valor="0"/>
        <Autosize Valor="true"/>
        <Identificador Valor="false"/>
        <Opcional Valor="false"/>
        <Multivalorado Valor="false"/>
        <CardMinFromString Valor="1"/>
        <CardMaxFromString Valor="n"/>
        <TipoAtributo Valor=""/>
    </Atributo>
    <Ligacao ID="71">
        <DisablePainted Valor="false"/>
        <Tag LinhaMestre="-1"/>
        <Dashed Valor="false"/>
        <Ancorado Valor="false"/>
        <TemSetaPontaA Valor="false"/>
        <TemSetaPontaB Valor="false"/>
        <SetaAberta Valor="true"/>
        <SetaLargura Valor="10"/>
        <Inteligente Valor="true"/>
        <Largura Valor="1"/>
        <Ligacoes PontaA="70" PontaB="3"/>
        <Pontos>
            <Ponto Left="560" Top="597"/>
            <Ponto Left="506" Top="597"/>
            <Ponto Left="506" Top="544"/>
        </Pontos>
    </Ligacao>
    <Atributo ID="72">
        <Bounds Height="14" Left="564" Top="620" Width="54"/>
        <DisablePainted Valor="false"/>
        <Texto>email</Texto>
        <Observacao/>
        <Dicionario/>
        <Fonte Estilo="1" Nome="Arial" Tamanho="12"/>
        <Ancorado Valor="false"/>
        <DirecaoFromInspector Valor="0"/>
        <Autosize Valor="true"/>
        <Identificador Valor="false"/>
        <Opcional Valor="false"/>
        <Multivalorado Valor="false"/>
        <CardMinFromString Valor="1"/>
        <CardMaxFromString Valor="n"/>
        <TipoAtributo Valor=""/>
    </Atributo>
    <Ligacao ID="73">
        <DisablePainted Valor="false"/>
        <Tag LinhaMestre="-1"/>
        <Dashed Valor="false"/>
        <Ancorado Valor="false"/>
        <TemSetaPontaA Valor="false"/>
        <TemSetaPontaB Valor="false"/>
        <SetaAberta Valor="true"/>
        <SetaLargura Valor="10"/>
        <Inteligente Valor="true"/>
        <Largura Valor="1"/>
        <Ligacoes PontaA="72" PontaB="3"/>
        <Pontos>
            <Ponto Left="560" Top="624"/>
            <Ponto Left="490" Top="624"/>
            <Ponto Left="490" Top="544"/>
        </Pontos>
    </Ligacao>
    <Atributo ID="82">
        <Bounds Height="14" Left="563" Top="650" Width="58"/>
        <DisablePainted Valor="false"/>
        <Texto>senha</Texto>
        <Observacao/>
        <Dicionario/>
        <Fonte Estilo="1" Nome="Arial" Tamanho="12"/>
        <Ancorado Valor="false"/>
        <DirecaoFromInspector Valor="0"/>
        <Autosize Valor="true"/>
        <Identificador Valor="false"/>
        <Opcional Valor="false"/>
        <Multivalorado Valor="false"/>
        <CardMinFromString Valor="1"/>
        <CardMaxFromString Valor="n"/>
        <TipoAtributo Valor=""/>
    </Atributo>
    <Ligacao ID="83">
        <DisablePainted Valor="false"/>
        <Tag LinhaMestre="-1"/>
        <Dashed Valor="false"/>
        <Ancorado Valor="false"/>
        <TemSetaPontaA Valor="false"/>
        <TemSetaPontaB Valor="false"/>
        <SetaAberta Valor="true"/>
        <SetaLargura Valor="10"/>
        <Inteligente Valor="true"/>
        <Largura Valor="1"/>
        <Ligacoes PontaA="82" PontaB="3"/>
        <Pontos>
            <Ponto Left="559" Top="654"/>
            <Ponto Left="447" Top="654"/>
            <Ponto Left="447" Top="544"/>
        </Pontos>
    </Ligacao>
    <Atributo ID="84">
        <Bounds Height="14" Left="1124" Top="957" Width="85"/>
        <DisablePainted Valor="false"/>
        <Texto>idDespesa</Texto>
        <Observacao/>
        <Dicionario/>
        <Fonte Estilo="1" Nome="Arial" Tamanho="12"/>
        <Ancorado Valor="false"/>
        <DirecaoFromInspector Valor="0"/>
        <Autosize Valor="true"/>
        <Identificador Valor="true"/>
        <Opcional Valor="false"/>
        <Multivalorado Valor="false"/>
        <CardMinFromString Valor="1"/>
        <CardMaxFromString Valor="n"/>
        <TipoAtributo Valor=""/>
    </Atributo>
    <Ligacao ID="85">
        <DisablePainted Valor="false"/>
        <Tag LinhaMestre="-1"/>
        <Dashed Valor="false"/>
        <Ancorado Valor="false"/>
        <TemSetaPontaA Valor="false"/>
        <TemSetaPontaB Valor="false"/>
        <SetaAberta Valor="true"/>
        <SetaLargura Valor="10"/>
        <Inteligente Valor="true"/>
        <Largura Valor="1"/>
        <Ligacoes PontaA="84" PontaB="5"/>
        <Pontos>
            <Ponto Left="1120" Top="961"/>
            <Ponto Left="1108" Top="961"/>
            <Ponto Left="1108" Top="934"/>
        </Pontos>
    </Ligacao>
    <Atributo ID="86">
        <Bounds Height="14" Left="1122" Top="983" Width="55"/>
        <DisablePainted Valor="false"/>
        <Texto>nome</Texto>
        <Observacao/>
        <Dicionario/>
        <Fonte Estilo="1" Nome="Arial" Tamanho="12"/>
        <Ancorado Valor="false"/>
        <DirecaoFromInspector Valor="0"/>
        <Autosize Valor="true"/>
        <Identificador Valor="false"/>
        <Opcional Valor="false"/>
        <Multivalorado Valor="false"/>
        <CardMinFromString Valor="1"/>
        <CardMaxFromString Valor="n"/>
        <TipoAtributo Valor=""/>
    </Atributo>
    <Ligacao ID="87">
        <DisablePainted Valor="false"/>
        <Tag LinhaMestre="-1"/>
        <Dashed Valor="false"/>
        <Ancorado Valor="false"/>
        <TemSetaPontaA Valor="false"/>
        <TemSetaPontaB Valor="false"/>
        <SetaAberta Valor="true"/>
        <SetaLargura Valor="10"/>
        <Inteligente Valor="true"/>
        <Largura Valor="1"/>
        <Ligacoes PontaA="86" PontaB="5"/>
        <Pontos>
            <Ponto Left="1118" Top="987"/>
            <Ponto Left="1083" Top="987"/>
            <Ponto Left="1083" Top="934"/>
        </Pontos>
    </Ligacao>
    <Atributo ID="88">
        <Bounds Height="14" Left="1123" Top="1008" Width="53"/>
        <DisablePainted Valor="false"/>
        <Texto>valor</Texto>
        <Observacao/>
        <Dicionario/>
        <Fonte Estilo="1" Nome="Arial" Tamanho="12"/>
        <Ancorado Valor="false"/>
        <DirecaoFromInspector Valor="0"/>
        <Autosize Valor="true"/>
        <Identificador Valor="false"/>
        <Opcional Valor="false"/>
        <Multivalorado Valor="false"/>
        <CardMinFromString Valor="1"/>
        <CardMaxFromString Valor="n"/>
        <TipoAtributo Valor=""/>
    </Atributo>
    <Ligacao ID="89">
        <DisablePainted Valor="false"/>
        <Tag LinhaMestre="-1"/>
        <Dashed Valor="false"/>
        <Ancorado Valor="false"/>
        <TemSetaPontaA Valor="false"/>
        <TemSetaPontaB Valor="false"/>
        <SetaAberta Valor="true"/>
        <SetaLargura Valor="10"/>
        <Inteligente Valor="true"/>
        <Largura Valor="1"/>
        <Ligacoes PontaA="88" PontaB="5"/>
        <Pontos>
            <Ponto Left="1119" Top="1012"/>
            <Ponto Left="1052" Top="1012"/>
            <Ponto Left="1052" Top="934"/>
        </Pontos>
    </Ligacao>
    <Atributo ID="90">
        <Bounds Height="14" Left="1124" Top="1036" Width="114"/>
        <DisablePainted Valor="false"/>
        <Texto>dataPagamento</Texto>
        <Observacao/>
        <Dicionario/>
        <Fonte Estilo="1" Nome="Arial" Tamanho="12"/>
        <Ancorado Valor="false"/>
        <DirecaoFromInspector Valor="0"/>
        <Autosize Valor="true"/>
        <Identificador Valor="false"/>
        <Opcional Valor="false"/>
        <Multivalorado Valor="false"/>
        <CardMinFromString Valor="1"/>
        <CardMaxFromString Valor="n"/>
        <TipoAtributo Valor=""/>
    </Atributo>
    <Ligacao ID="91">
        <DisablePainted Valor="false"/>
        <Tag LinhaMestre="-1"/>
        <Dashed Valor="false"/>
        <Ancorado Valor="false"/>
        <TemSetaPontaA Valor="false"/>
        <TemSetaPontaB Valor="false"/>
        <SetaAberta Valor="true"/>
        <SetaLargura Valor="10"/>
        <Inteligente Valor="true"/>
        <Largura Valor="1"/>
        <Ligacoes PontaA="90" PontaB="5"/>
        <Pontos>
            <Ponto Left="1120" Top="1040"/>
            <Ponto Left="1026" Top="1040"/>
            <Ponto Left="1026" Top="934"/>
        </Pontos>
    </Ligacao>
    <Atributo ID="98">
        <Bounds Height="14" Left="1210" Top="566" Width="93"/>
        <DisablePainted Valor="false"/>
        <Texto>idCategoria</Texto>
        <Observacao/>
        <Dicionario/>
        <Fonte Estilo="1" Nome="Arial" Tamanho="12"/>
        <Ancorado Valor="false"/>
        <DirecaoFromInspector Valor="0"/>
        <Autosize Valor="true"/>
        <Identificador Valor="true"/>
        <Opcional Valor="false"/>
        <Multivalorado Valor="false"/>
        <CardMinFromString Valor="1"/>
        <CardMaxFromString Valor="n"/>
        <TipoAtributo Valor=""/>
    </Atributo>
    <Ligacao ID="99">
        <DisablePainted Valor="false"/>
        <Tag LinhaMestre="-1"/>
        <Dashed Valor="false"/>
        <Ancorado Valor="false"/>
        <TemSetaPontaA Valor="false"/>
        <TemSetaPontaB Valor="false"/>
        <SetaAberta Valor="true"/>
        <SetaLargura Valor="10"/>
        <Inteligente Valor="true"/>
        <Largura Valor="1"/>
        <Ligacoes PontaA="98" PontaB="7"/>
        <Pontos>
            <Ponto Left="1206" Top="570"/>
            <Ponto Left="1184" Top="570"/>
            <Ponto Left="1184" Top="575"/>
            <Ponto Left="1162" Top="575"/>
        </Pontos>
    </Ligacao>
    <Atributo ID="100">
        <Bounds Height="14" Left="1209" Top="590" Width="55"/>
        <DisablePainted Valor="false"/>
        <Texto>nome</Texto>
        <Observacao/>
        <Dicionario/>
        <Fonte Estilo="1" Nome="Arial" Tamanho="12"/>
        <Ancorado Valor="false"/>
        <DirecaoFromInspector Valor="0"/>
        <Autosize Valor="true"/>
        <Identificador Valor="false"/>
        <Opcional Valor="false"/>
        <Multivalorado Valor="false"/>
        <CardMinFromString Valor="1"/>
        <CardMaxFromString Valor="n"/>
        <TipoAtributo Valor=""/>
    </Atributo>
    <Ligacao ID="101">
        <DisablePainted Valor="false"/>
        <Tag LinhaMestre="-1"/>
        <Dashed Valor="false"/>
        <Ancorado Valor="false"/>
        <TemSetaPontaA Valor="false"/>
        <TemSetaPontaB Valor="false"/>
        <SetaAberta Valor="true"/>
        <SetaLargura Valor="10"/>
        <Inteligente Valor="true"/>
        <Largura Valor="1"/>
        <Ligacoes PontaA="100" PontaB="7"/>
        <Pontos>
            <Ponto Left="1205" Top="594"/>
            <Ponto Left="1184" Top="594"/>
            <Ponto Left="1184" Top="593"/>
            <Ponto Left="1162" Top="593"/>
        </Pontos>
    </Ligacao>
    <Atributo ID="102">
        <Bounds Height="14" Left="1590" Top="595" Width="109"/>
        <DisablePainted Valor="false"/>
        <Texto>idFPagamento</Texto>
        <Observacao/>
        <Dicionario/>
        <Fonte Estilo="1" Nome="Arial" Tamanho="12"/>
        <Ancorado Valor="false"/>
        <DirecaoFromInspector Valor="0"/>
        <Autosize Valor="true"/>
        <Identificador Valor="true"/>
        <Opcional Valor="false"/>
        <Multivalorado Valor="false"/>
        <CardMinFromString Valor="1"/>
        <CardMaxFromString Valor="n"/>
        <TipoAtributo Valor=""/>
    </Atributo>
    <Ligacao ID="103">
        <DisablePainted Valor="false"/>
        <Tag LinhaMestre="-1"/>
        <Dashed Valor="false"/>
        <Ancorado Valor="false"/>
        <TemSetaPontaA Valor="false"/>
        <TemSetaPontaB Valor="false"/>
        <SetaAberta Valor="true"/>
        <SetaLargura Valor="10"/>
        <Inteligente Valor="true"/>
        <Largura Valor="1"/>
        <Ligacoes PontaA="102" PontaB="6"/>
        <Pontos>
            <Ponto Left="1586" Top="599"/>
            <Ponto Left="1536" Top="599"/>
            <Ponto Left="1536" Top="597"/>
            <Ponto Left="1485" Top="597"/>
        </Pontos>
    </Ligacao>
    <Atributo ID="104">
        <Bounds Height="14" Left="1589" Top="622" Width="55"/>
        <DisablePainted Valor="false"/>
        <Texto>nome</Texto>
        <Observacao/>
        <Dicionario/>
        <Fonte Estilo="1" Nome="Arial" Tamanho="12"/>
        <Ancorado Valor="false"/>
        <DirecaoFromInspector Valor="0"/>
        <Autosize Valor="true"/>
        <Identificador Valor="false"/>
        <Opcional Valor="false"/>
        <Multivalorado Valor="false"/>
        <CardMinFromString Valor="1"/>
        <CardMaxFromString Valor="n"/>
        <TipoAtributo Valor=""/>
    </Atributo>
    <Ligacao ID="105">
        <DisablePainted Valor="false"/>
        <Tag LinhaMestre="-1"/>
        <Dashed Valor="false"/>
        <Ancorado Valor="false"/>
        <TemSetaPontaA Valor="false"/>
        <TemSetaPontaB Valor="false"/>
        <SetaAberta Valor="true"/>
        <SetaLargura Valor="10"/>
        <Inteligente Valor="true"/>
        <Largura Valor="1"/>
        <Ligacoes PontaA="104" PontaB="6"/>
        <Pontos>
            <Ponto Left="1585" Top="626"/>
            <Ponto Left="1535" Top="626"/>
            <Ponto Left="1535" Top="618"/>
            <Ponto Left="1485" Top="618"/>
        </Pontos>
    </Ligacao>
    <Atributo ID="106">
        <Bounds Height="14" Left="1198" Top="186" Width="70"/>
        <DisablePainted Valor="false"/>
        <Texto>idConta</Texto>
        <Observacao/>
        <Dicionario/>
        <Fonte Estilo="1" Nome="Arial" Tamanho="12"/>
        <Ancorado Valor="false"/>
        <DirecaoFromInspector Valor="0"/>
        <Autosize Valor="true"/>
        <Identificador Valor="true"/>
        <Opcional Valor="false"/>
        <Multivalorado Valor="false"/>
        <CardMinFromString Valor="1"/>
        <CardMaxFromString Valor="n"/>
        <TipoAtributo Valor=""/>
    </Atributo>
    <Ligacao ID="107">
        <DisablePainted Valor="false"/>
        <Tag LinhaMestre="-1"/>
        <Dashed Valor="false"/>
        <Ancorado Valor="false"/>
        <TemSetaPontaA Valor="false"/>
        <TemSetaPontaB Valor="false"/>
        <SetaAberta Valor="true"/>
        <SetaLargura Valor="10"/>
        <Inteligente Valor="true"/>
        <Largura Valor="1"/>
        <Ligacoes PontaA="106" PontaB="4"/>
        <Pontos>
            <Ponto Left="1194" Top="190"/>
            <Ponto Left="1079" Top="190"/>
            <Ponto Left="1079" Top="338"/>
        </Pontos>
    </Ligacao>
    <Atributo ID="108">
        <Bounds Height="14" Left="1195" Top="214" Width="55"/>
        <DisablePainted Valor="false"/>
        <Texto>nome</Texto>
        <Observacao/>
        <Dicionario/>
        <Fonte Estilo="1" Nome="Arial" Tamanho="12"/>
        <Ancorado Valor="false"/>
        <DirecaoFromInspector Valor="0"/>
        <Autosize Valor="true"/>
        <Identificador Valor="false"/>
        <Opcional Valor="false"/>
        <Multivalorado Valor="false"/>
        <CardMinFromString Valor="1"/>
        <CardMaxFromString Valor="n"/>
        <TipoAtributo Valor=""/>
    </Atributo>
    <Ligacao ID="109">
        <DisablePainted Valor="false"/>
        <Tag LinhaMestre="-1"/>
        <Dashed Valor="false"/>
        <Ancorado Valor="false"/>
        <TemSetaPontaA Valor="false"/>
        <TemSetaPontaB Valor="false"/>
        <SetaAberta Valor="true"/>
        <SetaLargura Valor="10"/>
        <Inteligente Valor="true"/>
        <Largura Valor="1"/>
        <Ligacoes PontaA="108" PontaB="4"/>
        <Pontos>
            <Ponto Left="1191" Top="218"/>
            <Ponto Left="1095" Top="218"/>
            <Ponto Left="1095" Top="338"/>
        </Pontos>
    </Ligacao>
    <Atributo ID="110">
        <Bounds Height="14" Left="1195" Top="241" Width="53"/>
        <DisablePainted Valor="false"/>
        <Texto>valor</Texto>
        <Observacao/>
        <Dicionario/>
        <Fonte Estilo="1" Nome="Arial" Tamanho="12"/>
        <Ancorado Valor="false"/>
        <DirecaoFromInspector Valor="0"/>
        <Autosize Valor="true"/>
        <Identificador Valor="false"/>
        <Opcional Valor="false"/>
        <Multivalorado Valor="false"/>
        <CardMinFromString Valor="1"/>
        <CardMaxFromString Valor="n"/>
        <TipoAtributo Valor=""/>
    </Atributo>
    <Ligacao ID="111">
        <DisablePainted Valor="false"/>
        <Tag LinhaMestre="-1"/>
        <Dashed Valor="false"/>
        <Ancorado Valor="false"/>
        <TemSetaPontaA Valor="false"/>
        <TemSetaPontaB Valor="false"/>
        <SetaAberta Valor="true"/>
        <SetaLargura Valor="10"/>
        <Inteligente Valor="true"/>
        <Largura Valor="1"/>
        <Ligacoes PontaA="110" PontaB="4"/>
        <Pontos>
            <Ponto Left="1191" Top="245"/>
            <Ponto Left="1116" Top="245"/>
            <Ponto Left="1116" Top="338"/>
        </Pontos>
    </Ligacao>
    <Atributo ID="112">
        <Bounds Height="14" Left="1196" Top="270" Width="114"/>
        <DisablePainted Valor="false"/>
        <Texto>dataPagamento</Texto>
        <Observacao/>
        <Dicionario/>
        <Fonte Estilo="1" Nome="Arial" Tamanho="12"/>
        <Ancorado Valor="false"/>
        <DirecaoFromInspector Valor="0"/>
        <Autosize Valor="true"/>
        <Identificador Valor="false"/>
        <Opcional Valor="false"/>
        <Multivalorado Valor="false"/>
        <CardMinFromString Valor="1"/>
        <CardMaxFromString Valor="n"/>
        <TipoAtributo Valor=""/>
    </Atributo>
    <Ligacao ID="113">
        <DisablePainted Valor="false"/>
        <Tag LinhaMestre="-1"/>
        <Dashed Valor="false"/>
        <Ancorado Valor="false"/>
        <TemSetaPontaA Valor="false"/>
        <TemSetaPontaB Valor="false"/>
        <SetaAberta Valor="true"/>
        <SetaLargura Valor="10"/>
        <Inteligente Valor="true"/>
        <Largura Valor="1"/>
        <Ligacoes PontaA="112" PontaB="4"/>
        <Pontos>
            <Ponto Left="1192" Top="274"/>
            <Ponto Left="1142" Top="274"/>
            <Ponto Left="1142" Top="338"/>
        </Pontos>
    </Ligacao>
    <Atributo ID="114">
        <Bounds Height="14" Left="1194" Top="299" Width="118"/>
        <DisablePainted Valor="false"/>
        <Texto>dataVencimento</Texto>
        <Observacao/>
        <Dicionario/>
        <Fonte Estilo="1" Nome="Arial" Tamanho="12"/>
        <Ancorado Valor="false"/>
        <DirecaoFromInspector Valor="0"/>
        <Autosize Valor="true"/>
        <Identificador Valor="false"/>
        <Opcional Valor="false"/>
        <Multivalorado Valor="false"/>
        <CardMinFromString Valor="1"/>
        <CardMaxFromString Valor="n"/>
        <TipoAtributo Valor=""/>
    </Atributo>
    <Ligacao ID="115">
        <DisablePainted Valor="false"/>
        <Tag LinhaMestre="-1"/>
        <Dashed Valor="false"/>
        <Ancorado Valor="false"/>
        <TemSetaPontaA Valor="false"/>
        <TemSetaPontaB Valor="false"/>
        <SetaAberta Valor="true"/>
        <SetaLargura Valor="10"/>
        <Inteligente Valor="true"/>
        <Largura Valor="1"/>
        <Ligacoes PontaA="114" PontaB="4"/>
        <Pontos>
            <Ponto Left="1190" Top="303"/>
            <Ponto Left="1162" Top="303"/>
            <Ponto Left="1162" Top="338"/>
        </Pontos>
    </Ligacao>
</DIAGRAMA>
